CarNumber,SURNAME
Y163O8161RUS,CAMACHO
E432XX77RUS,MCCARTHY
7184TT36RUS,RAYMOND
X582HE161RUS,MCFARLAND
92918M178RUS,POOLE
H234YH197RUS,WILEY
E40577152RUS,HAYES
707987163RUS,LITTLE
K330T8197RUS,BARRERA
X786CO96RUS,HICKS
C477M7161RUS,SAVAGE
O21997197RUS,BOWEN
M592CH197RUS,BAUER
9020YC197RUS,VELAZQUEZ
8182XX154RUS,TYLER
7830C8197RUS,VILLEGAS
7066C8197RUS,MCGEE
M298CH161RUS,CHRISTIAN
E445TC197RUS,BEAN
8440XX154RUS,GONZALES
9371CE154RUS,VARGAS
9182CE154RUS,HORTON
83298C154RUS,ELLIS
Y7659C197RUS,MOLINA
C922YE197RUS,BATES
7364C8197RUS,WARREN
M5039X197RUS,DUNCAN
8603T8154RUS,CHARLES
92928M178RUS,FITZPATRICK
O672E8197RUS,HURLEY
E42277152RUS,BOONE
C903MC161RUS,MCKINNEY
T7318T163RUS,TATE
Y7719C197RUS,CHANG
T011MY163RUS,BRADSHAW
H115YO163RUS,PUGH
73467Y96RUS,HUTCHINSON
O134HE197RUS,TAYLOR
H968HY161RUS,VELEZ
Y654E8750RUS,PACE
H963HY161RUS,JENNINGS
H232YH197RUS,DAVILA
7843C8197RUS,MCINTYRE
X791O796RUS,LEBLANC
H958HY161RUS,TERRY
708587163RUS,BELTRAN
Y973O8197RUS,WHITEHEAD
97977H178RUS,STEIN
H917TC36RUS,HOUSE
Y7709C197RUS,HANSON
8513XX154RUS,LARA
T870X7163RUS,LI
8818C877RUS,ROGERS
T395OT197RUS,CARR
K327T8197RUS,HAWKINS
8311XX154RUS,ANDERSEN
X423MK197RUS,CLAY
96429X178RUS,BUCHANAN
O275O7161RUS,KANE
7789KT197RUS,GILES
E28877161RUS,MACIAS
T6068M116RUS,MULLINS
9498KX178RUS,NIELSEN
99209X178RUS,MEYER
T6449O50RUS,ODONNELL
9683EC178RUS,BAILEY
Y353O8197RUS,HUMPHREY
O719MM163RUS,CARDENAS
E535MM199RUS,TRAN
Y352O8197RUS,MERRITT
7788KT197RUS,HALL
E807HE77RUS,DUNN
M516CH161RUS,WEEKS
89587X197RUS,DUNLAP
7781KT197RUS,TREVINO
E645TH36RUS,RASMUSSEN
Y302E877RUS,GEORGE
M058XE36RUS,MORENO
8166XX154RUS,HOLT
M589CH197RUS,HERRERA
9408H7178RUS,WILLIAMSON
H387TM197RUS,HUFF
8049HT125RUS,ELLIOTT
9698MO178RUS,CARPENTER
8685HE154RUS,SEXTON
7177TT36RUS,HARRISON
O77997197RUS,DUFFY
Y234E877RUS,STANTON
97987H178RUS,RICH
X257HE161RUS,GRAHAM
T399KX197RUS,FERGUSON
H957HY161RUS,LANE
K379HY161RUS,WELLS
T654HT96RUS,FRY
8439XX154RUS,COSTA
Y965EE197RUS,JOSEPH
X758HY197RUS,WHITE
M0279X197RUS,SWANSON
H224X836RUS,ROSE
E6849O154RUS,PINEDA
O83797197RUS,HARDY
9402KK197RUS,MCDANIEL
7368C8197RUS,LINDSEY
H427YH197RUS,MCKENZIE
9583EY178RUS,STANLEY
Y038E877RUS,BARTLETT
9822H8161RUS,PECK
7826C8197RUS,GILMORE
E160YX77RUS,BLAKE
82337X197RUS,MADDOX
X757HY197RUS,CASTILLO
X765HY197RUS,SALINAS
934497178RUS,LAWSON
K2807K154RUS,FITZGERALD
T8008Y125RUS,SUTTON
Y960EE197RUS,COLLIER
7840C8197RUS,OCONNELL
K846YE77RUS,MANNING
7827C8197RUS,HARDIN
Y655E8750RUS,DONALDSON
H003MH197RUS,FORD
Y7699C197RUS,RILEY
Y8399C197RUS,HOLLOWAY
9135X938RUS,RICHARDSON
H385TM197RUS,BARNETT
9428EX178RUS,BAUTISTA
H837YK197RUS,HOPKINS
O83597197RUS,BURCH
E42577152RUS,RIVAS
E53277152RUS,HOWE
C476M7161RUS,BONILLA
9943KK197RUS,SANDERS
8165XX154RUS,BEIL
T476KX197RUS,KIRBY
C422X938RUS,WATTS
K328T8197RUS,BENDER
9466EX178RUS,ALVARADO
X256HE161RUS,CAREY
Y275O8197RUS,WILKERSON
H217X836RUS,BRANCH
Y316E877RUS,RUSSELL
8601XX154RUS,MCCULLOUGH
M741T9152RUS,MITCHELL
9883HX152RUS,MCLAUGHLIN
Y6829Y50RUS,CLARK
H004MH197RUS,HAMPTON
704987163RUS,PIERCE
E316EH197RUS,PAGE
O22297197RUS,RANDALL
O02597197RUS,GALLEGOS
X015HY197RUS,FARLEY
T769OT197RUS,WARE
Y778EE197RUS,POTTS
7829C8197RUS,STRONG
T272HH163RUS,MAHONEY
T018OX197RUS,DAWSON
Y255E877RUS,WAGNER
9697MO178RUS,REESE
T686EO197RUS,PONCE
C590EY154RUS,PHILLIPS
T941CC96RUS,HENRY
O22397197RUS,SNYDER
X242EC197RUS,TRAVIS
T020OX197RUS,BURGESS
E33577152RUS,XIONG
E773EH197RUS,SIMON
T6428M116RUS,GREGORY
Y7129Y50RUS,GRIMES
Y418EX197RUS,MILLER
Y7689C197RUS,COX
E52877152RUS,WYATT
7369C8197RUS,CHEN
Y166O8161RUS,SOSA
705287163RUS,SINGLETON
K559KC161RUS,WHEELER
M0299X197RUS,BENTLEY
84418C154RUS,JARVIS
E53488152RUS,HULL
90159H178RUS,THOMPSON
C798ET50RUS,VEGA
Y193O8161RUS,QUINTERO
7248C8197RUS,SPENCE
K357YE77RUS,SCHROEDER
E0697X152RUS,MURRAY
E40877152RUS,WADE
Y351O8197RUS,HUERTA
Y356O8197RUS,PENNINGTON
O6939X163RUS,MCCOY
Y7649C197RUS,SALAS
9935TE152RUS,LUGO
704687163RUS,BUSH
7197TT36RUS,CABRERA
O143HO197RUS,DURHAM
K436MO152RUS,HENSON
9938OH154RUS,HUDSON
E34877152RUS,REED
E5878M777RUS,AGUIRRE
7844C8197RUS,SELLERS
C584EY154RUS,GRANT
E28977161RUS,RIVERA
T016OX197RUS,HENDERSON
H889YK197RUS,STEVENS
7363C8197RUS,MEYERS
T6039O50RUS,NELSON
7365C8197RUS,HENDRIX
Y967O8197RUS,PITTS
E816HE77RUS,BARRON
T6329O50RUS,KNOX
X504X8197RUS,MARSH
M581CH197RUS,HESS
X523OM161RUS,MONTES
C412X938RUS,MASON
7831C8197RUS,KIM
8164XX154RUS,ROTH
T6419O50RUS,GREER
E822TH36RUS,OWEN
8437XX154RUS,LEON
C515X938RUS,TUCKER
7172TT36RUS,NOVAK
8436XX154RUS,RANDOLPH
E79988152RUS,ELLISON
8180XX154RUS,BLANKENSHIP
84438C154RUS,GILLESPIE
T6309O50RUS,BARBER
T6129O50RUS,ENGLISH
K339T8197RUS,MCGUIRE
X782CO96RUS,LAMBERT
E591HE77RUS,GOLDEN
9499KX178RUS,KHAN
Y357O8197RUS,GLOVER
Y652O8197RUS,HODGE
X767HY197RUS,PERSON
H220X836RUS,WELCH
H218X836RUS,WALTERS
T913CT197RUS,BLACKBURN
T6439O50RUS,CUEVAS
7784KT197RUS,ALFARO
X286TC36RUS,PALMER
O752MX161RUS,PETERSON
Y7449Y50RUS,JOHNSTON
92828M178RUS,EATON
Y650E8750RUS,ROBLES
8321XX154RUS,FROST
8316XX154RUS,MARTIN
T017OX197RUS,MCBRIDE
H977HY161RUS,SULLIVAN
X522OM161RUS,SANCHEZ
O085E8197RUS,SANFORD
705387163RUS,CANNON
O017KO197RUS,MAYO
X4138H125RUS,BARRETT
8441XX154RUS,ESTES
M0269X197RUS,BERNAL
T483CT96RUS,ROLLINS
T940CC96RUS,FRANCO
C58078163RUS,HORN
O02397197RUS,GOOD
8611T8154RUS,GARRISON
704787163RUS,HARTMAN
C313MM99RUS,KLINE
X763HY197RUS,GARRETT
M386M9197RUS,PARRA
8605T8154RUS,STEPHENSON
7147OE161RUS,ARIAS
7361C8197RUS,MCMILLAN
Y359EY197RUS,PAYNE
T6559O50RUS,ONEAL
9469EX178RUS,JONES
Y6839Y50RUS,VINCENT
H237YH197RUS,MORRIS
T948OM96RUS,DIXON
T395KX197RUS,WATKINS
M301CH161RUS,FRENCH
9496KX178RUS,ROSS
T6319O50RUS,MARTINEZ
H305T8197RUS,SIMPSON
8201XX154RUS,WILCOX
O64297197RUS,ACOSTA
9523M8178RUS,FARMER
Y273O8197RUS,CHUNG
T6229O50RUS,WOODWARD
X023HY197RUS,SANTIAGO
8226XX154RUS,DOUGHERTY
Y038TO197RUS,ATKINS
M0289X197RUS,RICHARD
E811HE77RUS,PADILLA
X795O796RUS,YODER
O39997197RUS,OLSON
97968K152RUS,WILKINS
H219X836RUS,GROSS
T6169O50RUS,BOYLE
94178K154RUS,SHARP
9467EX178RUS,SANDOVAL
O78097197RUS,WALLER
X5707X161RUS,IBARRA
Y232E877RUS,STEWART
Y388E877RUS,MARSHALL
X255HE161RUS,BRAVO
E552MO152RUS,ARCHER
97998K152RUS,FLETCHER
Y963O8197RUS,NOBLE
T477KX197RUS,PETERS
T2639T116RUS,PATTON
O49797197RUS,JENKINS
O68897197RUS,HENSLEY
72457Y96RUS,FRANCIS
7064C8197RUS,LIU
E948C8152RUS,HUFFMAN
C514X938RUS,PACHECO
C589EY154RUS,VENTURA
K899T8197RUS,RUIZ
T6418M116RUS,STARK
8607XX154RUS,ALI
92778M178RUS,MOSS
T288CT96RUS,KEITH
9886HX152RUS,TODD
C583EY154RUS,DODSON
C592EY154RUS,TAPIA
T6459O50RUS,EVANS
X759HY197RUS,HORNE
705787163RUS,BLACK
92898M178RUS,MCDONALD
9671EC178RUS,ARNOLD
M302CH161RUS,FLOWERS
M578CH197RUS,MORGAN
Y207O8161RUS,HOLMES
96659X178RUS,MATHEWS
T912CT197RUS,PITTMAN
7183TT36RUS,LANDRY
89557X197RUS,SALAZAR
Y359O8197RUS,CASEY
K2817K154RUS,GALLAGHER
Y964O8197RUS,HOGAN
H967HY161RUS,WILLIAMS
E394MO152RUS,WILSON
O50699163RUS,AVILA
9463EX178RUS,GONZALEZ
E53677152RUS,WATERS
K338T8197RUS,NUNEZ
Y4298M777RUS,MOSES
Y687HM197RUS,KRUEGER
98037H178RUS,CORREA
7828C8197RUS,STOKES
H980HY161RUS,HAMILTON
H906YK197RUS,MCDOWELL
7199MT197RUS,SILVA
X908XC197RUS,CAMPBELL
T171CC96RUS,FIELDS
X4108H125RUS,MORTON
Y966O8197RUS,SMALL
K2797K154RUS,PATRICK
7089H8163RUS,BALDWIN
7841C8197RUS,NGUYEN
9940KK197RUS,JACKSON
H971HY161RUS,BUCKLEY
H844YH197RUS,CAIN
E33477152RUS,CERVANTES
Y156E877RUS,FLORES
E396MO152RUS,KEMP
Y969O8197RUS,JEFFERSON
9028CO161RUS,BOND
T6249O50RUS,WOLFE
E42377152RUS,PARKER
9941KK197RUS,LE
M372CH197RUS,WOOD
K040CC197RUS,MEDINA
E41577152RUS,KNIGHT
9763HY161RUS,CANTU
T535ET96RUS,ZIMMERMAN
H961HY161RUS,MATHIS
M2169X197RUS,DUARTE
8234XX154RUS,FAULKNER
O83697197RUS,GOODMAN
E52677152RUS,HUNT
8451M7154RUS,MERCADO
9589EY178RUS,WEAVER
H907YK197RUS,MEDRANO
O39897197RUS,VELASQUEZ
M3879X197RUS,SCHNEIDER
C299K9154RUS,AUSTIN
9468EX178RUS,BAKER
M375CH197RUS,DELAROSA
H982HY161RUS,NAVA
8224XX154RUS,ROSALES
Y653E8750RUS,GATES
K558KC161RUS,DANIELS
O058M7161RUS,SIMS
M256OH161RUS,MARKS
T242H8197RUS,WISE
K27188138RUS,NEWMAN
96629X178RUS,HUGHES
9881HX152RUS,MOODY
T479KX197RUS,BRUCE
M680T9152RUS,CHAVEZ
C410X938RUS,SPARKS
X762HY197RUS,ADKINS
9470EX178RUS,OWENS
X4128H125RUS,BRANDT
9762HY161RUS,GUTIERREZ
H419XE197RUS,LONG
98017H178RUS,MORA
Y780EE197RUS,DONOVAN
M580CH197RUS,COMPTON
9943OH154RUS,SIMMONS
Y354O8197RUS,PATTERSON
7065C8197RUS,RAY
E28777161RUS,WALLS
M701T9152RUS,POWERS
E577HE77RUS,COLEMAN
92788M178RUS,YU
9072EM178RUS,YORK
9409H7178RUS,PHAM
C3829X154RUS,EDWARDS
T478KX197RUS,BARNES
T119CT96RUS,HANNA
708487163RUS,RODGERS
H983HY161RUS,VANG
7842C8197RUS,RAMIREZ
O64097197RUS,NICHOLSON
Y693HM197RUS,GLENN
96857X197RUS,MOYER
T394KX197RUS,BLAIR
O49897197RUS,DICKERSON
H963X936RUS,MORRISON
T341CC96RUS,KRAMER
9942KK197RUS,HOFFMAN
9141H8178RUS,ROJAS
7370C8197RUS,JOHNS
9890HX152RUS,ZUNIGA
M268CH197RUS,SCOTT
C419X938RUS,FRYE
M0319X197RUS,MORSE
M577CH197RUS,DALTON
H975HY161RUS,BURTON
X018HY197RUS,MCCONNELL
E33177152RUS,HUNTER
9491H7178RUS,HANCOCK
M374CH197RUS,PERKINS
96679X178RUS,LARSEN
9594HY161RUS,MACK
83218C154RUS,SIERRA
9764HY161RUS,BECKER
708187163RUS,AYERS
H908YK197RUS,ANDERSON
Y656E8750RUS,FLOYD
9679EC178RUS,MCMAHON
C803KE163RUS,WEST
Y7379Y50RUS,WONG
X320MK197RUS,VANCE
96907X197RUS,SAMPSON
H235YH197RUS,CASTANEDA
9474EX178RUS,BOYER
Y8259C197RUS,SCHULTZ
E29577161RUS,BENTON
X761HY197RUS,BRADFORD
T396KX197RUS,BERG
C593EY154RUS,PALACIOS
Y164O8161RUS,MONROE
M942OT152RUS,HARRINGTON
Y7429Y50RUS,VILLALOBOS
H976HY161RUS,DAY
Y195O8161RUS,CRAWFORD
O669E8197RUS,KERR
Y187O8161RUS,LESTER
K329T8197RUS,CHRISTENSEN
9677MO178RUS,SUAREZ
9939KK197RUS,MONTOYA
M373CH197RUS,VALDEZ
7164YM36RUS,DICKSON
O753MX161RUS,MCCANN
T6488M116RUS,MELENDEZ
98047H178RUS,PAUL
9488EY178RUS,LLOYD
O481OH77RUS,BENITEZ
K326T8197RUS,WARNER
X796TH96RUS,FUENTES
Y358O8197RUS,PARKS
C420X938RUS,HEATH
Y965O8197RUS,QUINN
Y274O8197RUS,WEBSTER
E223YM197RUS,PERRY
Y964EE197RUS,GENTRY
T6049O50RUS,AHMED
H259HY161RUS,LEE
Y344E877RUS,TANNER
K889HY161RUS,YOUNG
H214X836RUS,BURNETT
O421OT161RUS,HARPER
7360C8197RUS,CURTIS
Y194O8161RUS,BEST
T6359O50RUS,ALVAREZ
E29677161RUS,GUEVARA
T020MM116RUS,TURNER
9502XX38RUS,POTTER
8521XX154RUS,WU
K376HE161RUS,GOULD
7193TT36RUS,CURRY
O785T9163RUS,HOOVER
H618YC38RUS,GARNER
9068EM178RUS,ALEXANDER
7783KT197RUS,WALTON
Y305E877RUS,ROY
E881OT197RUS,BROWNING
O718MM163RUS,CORTES
9975CC77RUS,DELACRUZ
T195OK161RUS,POWELL
T914CT197RUS,JENSEN
E41977152RUS,HO
9464EX178RUS,ZAVALA
O50197197RUS,BRYANT
7608EE777RUS,FLYNN
X583HE161RUS,DAVENPORT
Y7229Y50RUS,BISHOP
M6977E152RUS,COOPER
8325M7154RUS,ROBINSON
Y192O8161RUS,COPELAND
96599X178RUS,WILLIS
X760HY197RUS,COLON
H966HY161RUS,MCCLAIN
9938KK197RUS,NEWTON
98087H178RUS,CALDWELL
7367C8197RUS,YATES
9137X938RUS,DILLON
9398MM199RUS,CONRAD
E53477152RUS,BERNARD
7194TT36RUS,CRAIG
M111MM99RUS,MILLER
P222PP50RUS,WILSON
T333TT78RUS,ANDERSON
